<?xml version="1.0" encoding="UTF-8"?><?xml-stylesheet type='text/xsl' href='_UpgradeReport_Files/UpgradeReport.xslt'?><UpgradeLog>
<Properties><Property Name="Solution" Value="MultiChartDemo">
</Property><Property Name="Solution File" Value="C:\Users\Somnath\Desktop\MultiChartDemo\MultiChartDemo.sln">
</Property><Property Name="Date" Value="Wednesday, September 29, 2010">
</Property><Property Name="Time" Value="16:01 PM">
</Property></Properties><Event ErrorLevel="0" Project="" Source="MultiChartDemo.sln" Description="File successfully backed up as C:\Users\Somnath\Desktop\MultiChartDemo\Backup\MultiChartDemo.sln">
</Event><Event ErrorLevel="0" Project="MultiChartDemo" Source="MultiChartDemo.csproj" Description="Project file successfully backed up as C:\Users\Somnath\Desktop\MultiChartDemo\Backup\MultiChartDemo.csproj">
</Event><Event ErrorLevel="0" Project="MultiChartDemo" Source="3rdPartyCode\Microsoft\UniformGrid.cs" Description="File successfully backed up as C:\Users\Somnath\Desktop\MultiChartDemo\Backup\3rdPartyCode\Microsoft\UniformGrid.cs">
</Event><Event ErrorLevel="0" Project="MultiChartDemo" Source="App.xaml.cs" Description="File successfully backed up as C:\Users\Somnath\Desktop\MultiChartDemo\Backup\App.xaml.cs">
</Event><Event ErrorLevel="0" Project="MultiChartDemo" Source="BusinessObjects\SalesInfo.cs" Description="File successfully backed up as C:\Users\Somnath\Desktop\MultiChartDemo\Backup\BusinessObjects\SalesInfo.cs">
</Event><Event ErrorLevel="0" Project="MultiChartDemo" Source="BusinessObjects\SalesPerformance.cs" Description="File successfully backed up as C:\Users\Somnath\Desktop\MultiChartDemo\Backup\BusinessObjects\SalesPerformance.cs">
</Event><Event ErrorLevel="0" Project="MultiChartDemo" Source="Common\DataTemplateSelector.cs" Description="File successfully backed up as C:\Users\Somnath\Desktop\MultiChartDemo\Backup\Common\DataTemplateSelector.cs">
</Event><Event ErrorLevel="0" Project="MultiChartDemo" Source="View\MainPage.xaml.cs" Description="File successfully backed up as C:\Users\Somnath\Desktop\MultiChartDemo\Backup\View\MainPage.xaml.cs">
</Event><Event ErrorLevel="0" Project="MultiChartDemo" Source="MultiChartControl\MultiChart.cs" Description="File successfully backed up as C:\Users\Somnath\Desktop\MultiChartDemo\Backup\MultiChartControl\MultiChart.cs">
</Event><Event ErrorLevel="0" Project="MultiChartDemo" Source="Properties\AssemblyInfo.cs" Description="File successfully backed up as C:\Users\Somnath\Desktop\MultiChartDemo\Backup\Properties\AssemblyInfo.cs">
</Event><Event ErrorLevel="0" Project="MultiChartDemo" Source="View\SeriesTemplateSelector.cs" Description="File successfully backed up as C:\Users\Somnath\Desktop\MultiChartDemo\Backup\View\SeriesTemplateSelector.cs">
</Event><Event ErrorLevel="0" Project="MultiChartDemo" Source="Common\ViewModelBase.cs" Description="File successfully backed up as C:\Users\Somnath\Desktop\MultiChartDemo\Backup\Common\ViewModelBase.cs">
</Event><Event ErrorLevel="0" Project="MultiChartDemo" Source="ViewModel\MainPageViewModel.cs" Description="File successfully backed up as C:\Users\Somnath\Desktop\MultiChartDemo\Backup\ViewModel\MainPageViewModel.cs">
</Event><Event ErrorLevel="0" Project="MultiChartDemo" Source="Properties\AppManifest.xml" Description="File successfully backed up as C:\Users\Somnath\Desktop\MultiChartDemo\Backup\Properties\AppManifest.xml">
</Event><Event ErrorLevel="0" Project="MultiChartDemo" Source="App.xaml" Description="File successfully backed up as C:\Users\Somnath\Desktop\MultiChartDemo\Backup\App.xaml">
</Event><Event ErrorLevel="0" Project="MultiChartDemo" Source="View\MainPage.xaml" Description="File successfully backed up as C:\Users\Somnath\Desktop\MultiChartDemo\Backup\View\MainPage.xaml">
</Event><Event ErrorLevel="0" Project="MultiChartDemo" Source="MultiChartDemo.csproj" Description="Project converted successfully">
</Event><Event ErrorLevel="3" Project="MultiChartDemo" Source="MultiChartDemo.csproj" Description="Converted">
</Event><Event ErrorLevel="0" Project="" Source="MultiChartDemo.sln" Description="Solution converted successfully">
</Event><Event ErrorLevel="3" Project="" Source="MultiChartDemo.sln" Description="Converted">
</Event><Event ErrorLevel="0" Project="MultiChartDemo" Source="MultiChartDemo.csproj" Description="Scan complete: Upgrade not required for project files.">
</Event></UpgradeLog>